record_id,true_label_id,predicted_label_id,text_sha256,word_count,nonzero_features,predicted_minus_true_score,tags,explanation,author,human_review_status
validation-00000-of-00001.parquet#row=00007583,2,1,234c3f2a0d1a36c0cf7692e44a79696771ccfa59081bd32eebbe0c9da0604ed3,1,0,0.3168928070874823,short,"Растянутое радостное междометие поддерживает positive. Проверка модели показала ноль ненулевых признаков: редкая форма отсутствует в словаре, пунктуация отбрасывается. Ответ neutral определяется свободными членами классификатора.",Codex (AI agent),pending
validation-00000-of-00001.parquet#row=00001777,2,1,2c7f5987abe1dd28a77cb7855b1cc693d22043db21805f35deb1137eeac5b904,1,0,0.3168928070874823,short;unclear,"Слитная запись с опечаткой допускает разные прочтения, исходная метка positive. Вектор TF-IDF нулевой, поэтому ответ neutral определяется свободными членами. Намерение автора по такому написанию нельзя восстановить уверенно.",Codex (AI agent),pending
validation-00000-of-00001.parquet#row=00007099,2,1,997c56a0a2d248755b910f3254cdb31cdf5f25f604c5a065a976c51af0fcd81d,2,2,0.28725702930004765,short,Короткая однозначная похвала визуальной составляющей. У модели всего два ненулевых признака; их суммарный вклад вместе со свободными членами дал neutral. Здесь не требуется предполагать неоднозначность исходной метки.,Codex (AI agent),pending
validation-00000-of-00001.parquet#row=00004565,1,0,ceef7c0978aaf080bffb2e000bfb378fa5b3a98c58f8ed5c5e531b9e17ca9698,2,3,1.7080912655947509,short;neutral,Характеристика повторной ценности просмотра может быть сдержанной оценкой либо упрёком. Исходный neutral пограничен с negative; короткая формулировка не раскрывает общего впечатления.,Codex (AI agent),pending
validation-00000-of-00001.parquet#row=00003614,0,1,5443301e408e1c395c54e3940b5f768ec5574169e6324ecc462abeb7ebe97794,25,31,0.5592684485398284,mixed;negation;neutral,"Умеренная характеристика и средний числовой рейтинг соседствуют с неудовлетворённостью атмосферой и недостатком страха. Прогноз neutral отражает среднюю оценку, но исходная разметка делает акцент на разочаровании.",Codex (AI agent),pending
validation-00000-of-00001.parquet#row=00005915,0,2,f45a4e45e5098a5dfb85ded06399e236f6460f79c3066e6c9ad3cc8563703c1c,9,13,1.5702651012471622,mixed;short,"Преобладает критика неестественности, а финальная уступка допускает разовый просмотр. Возможная причина positive — позитивное прочтение этой уступки; причинный вклад слов отдельно не проверялся.",Codex (AI agent),pending
validation-00000-of-00001.parquet#row=00008792,1,0,fa74945409499e88d8877d407513e36252610cba08cad4a047b803e023f81fd0,10,10,1.2818724406963764,neutral;context;short;unclear,Реплика о персонажах и сожалении не содержит ясного итога о качестве фильма. Negative может отражать отрицательную эмоцию внутри обсуждения; без контекста связи с фильмом точная причина неясна.,Codex (AI agent),pending
validation-00000-of-00001.parquet#row=00006037,1,2,3eedcef7f65c54da105df2335a65c3cb0dbad2a9891d8723176fc5ef055983ec,72,86,1.2973423036660983,mixed;negation;neutral,Автор прямо совмещает одобрение съёмки и отдельных решений с неприятием сюжета и поступков героини. Positive теряет баланс между оценками разных аспектов; исходный neutral выглядит обоснованным.,Codex (AI agent),pending
validation-00000-of-00001.parquet#row=00010376,2,0,4413a9e2131e33a05fe80b60931498dc86e9fa76cf567ac89fb65602afd70e41,26,37,1.8618659230978958,context;negation,"Тяжёлые переживания после просмотра и несогласие с рекламой не равны отрицательной оценке фильма. Возможна сильная вовлечённость, согласующаяся с positive; лексика горечи допускает ложное negative.",Codex (AI agent),pending
validation-00000-of-00001.parquet#row=00004414,2,1,0dd24ef6b866cbc1dd104f80ca52d261c0529eb75dd682e52fe16812aab3bf5a,27,31,0.21979111091834277,mixed;negation;context,"Предлагается отказаться от требований к логике ради удовольствия от визуальной стороны. Похвала ограничена отдельным аспектом и выражена через уступку, что делает neutral понятной, но неверной относительно метки альтернативой.",Codex (AI agent),pending
validation-00000-of-00001.parquet#row=00005025,0,1,8109bc9e034e9f7d8b57f1045213d13c85ec60567467cbde76a253c56e01e4cc,66,77,0.0047734975690789105,negation;unclear,"Текст явно осуждает фильм и потраченные ресурсы, поэтому negative содержательно обоснован. Модель почти на границе: перевес neutral над negative около 0,00477 в линейных оценках. Единственная языковая причина ошибки не установлена.",Codex (AI agent),pending
validation-00000-of-00001.parquet#row=00004928,0,2,9ba8f7d1517d0772de97cb05296711b9b4e63a3ed43020fd32a9d620721ef936,99,106,0.0007481678139846792,mixed;negation,"Похвала танцевальным постановкам развёрнута, но итог — разочарование музыкой, финалом и отсутствием вдохновения. Возможная ошибка — доминирование локальной похвалы над общим отрицательным выводом.",Codex (AI agent),pending
validation-00000-of-00001.parquet#row=00006279,1,0,921764163469ed40f5668f8a61af72bb7e4a7b478a06148158fcc9085988367d,8,14,0.39976217055251073,neutral;context;short;negation,"Указана подходящая возрастная аудитория без явного суждения о качестве. Negative предполагает пренебрежение, которого сама формулировка не доказывает; исходный neutral допустим.",Codex (AI agent),pending
validation-00000-of-00001.parquet#row=00010144,1,2,b9af7918a13893e9a524ce43c7ee300ee7f06a60612f623adc55d735ea190db7,5,8,0.7606271125225343,neutral;context;short,"Одобрение относится к прочитанной книге; оценка фильма не сообщается. Positive по положительной лексике не учитывает объект оценки, поэтому neutral в исходной разметке объясним.",Codex (AI agent),pending
validation-00000-of-00001.parquet#row=00006448,2,0,7717b0eb59f5a93b988fd181ec27dfe6ebda08a37a97ae7c9744ce7ce1f28041,3,5,1.2353558580994457,context;short;unclear,"Указание детской аудитории допускает как рекомендацию, так и снисходительную критику. Ни исходный positive, ни прогноз negative не следуют однозначно из трёх слов; точная причина неясна.",Codex (AI agent),pending
validation-00000-of-00001.parquet#row=00008944,2,1,8e69d89ab70f2894bacc2c0039f7770833476db0b6f0237790ddf29d9cd7b6ce,24,26,0.3570369633179401,context;neutral,"Преобладает объяснение финальной сцены, но её уместность и символичность одобряются. Neutral может отражать описательный характер текста и пропуск сдержанной положительной оценки.",Codex (AI agent),pending
validation-00000-of-00001.parquet#row=00010619,0,1,53b2e7c164ecf49348a07acd5b5cb8f8d669b047ee8466560aab64f2f757b40b,200,156,0.2855915609707835,mixed;sarcasm;context,"Длинное перечисление знакомых лиц и бренда сменяется прямой критикой сценария и режиссуры. Перечисление допускает ироническое прочтение, но сарказм не подтверждён однозначно. Neutral может недооценивать заключительный отрицательный вывод.",Codex (AI agent),pending
validation-00000-of-00001.parquet#row=00004136,0,2,2593186d2f0ae2a0d196a6ca85297189bed8fb6f2e71cc71043097fce6a47d1c,24,31,0.8040096635633041,mixed;negation,Похвала сценарию и эффектам противопоставлена повторённому разочарованию актёрской передачей эмоций. Positive не отражает итоговый отрицательный акцент автора; это конфликт аспектов.,Codex (AI agent),pending
validation-00000-of-00001.parquet#row=00003813,1,0,c50eb365b8fdce2b2a24fd3dbf86270325103ce0f2cd1452510636cb5611a0da,51,60,2.7442093615734313,mixed;neutral,"Много резкой критики музыкального формата, но есть признание качества и сравнительно высокая числовая оценка. Negative отражает заметную отрицательную часть, а neutral — смешанное общее впечатление.",Codex (AI agent),pending
validation-00000-of-00001.parquet#row=00004974,1,2,3018df4a8668776ade4e8247949e338cc82fe015ed5cca2292ae7d01b0c729a3,10,16,0.47380819419383424,mixed;neutral;short,Короткая реплика сочетает одобрение идеи и технической стороны с критикой актёрской игры. Positive сохраняет только одну сторону смешанной оценки.,Codex (AI agent),pending
validation-00000-of-00001.parquet#row=00010127,2,0,100b9a15a7bfe192d533ccd316bce6ba173114abc0d6fc8ad78778ada4903ea6,38,58,0.23797349747869168,mixed;negation,Разочарование ожиданиями и критика сюжета уравновешены похвалой актёру и итоговой рекомендацией. Negative не учитывает положительный вывод при большом объёме критики.,Codex (AI agent),pending
validation-00000-of-00001.parquet#row=00010073,2,1,361fa8803c8011100983920f7b8f5c205001438e89a91722516b83458e18c524,41,51,2.1291417018267813,context;neutral,Автор ещё не смотрел фильм и переносит восторг от книги на ожидание экранизации. Исходный positive выражает ожидание; neutral разумен для отсутствующей оценки просмотренного фильма. Это ограничение согласованности разметки.,Codex (AI agent),pending
validation-00000-of-00001.parquet#row=00004651,0,1,56d2fe8c5002da9c8e4e56f9a2aa92c0bacda3f1e61f8204e3e09892b0b55d7c,14,25,0.9916977328623748,negation;mixed;neutral,Сдержанная положительная оценка через отрицание соседствует с отсутствием отличительных достоинств. По смыслу neutral допустим; исходный negative может учитывать разочарование. Однозначную ошибку понимания моделью заявлять нельзя.,Codex (AI agent),pending
validation-00000-of-00001.parquet#row=00004322,0,2,37acfa54f2f9997586fd57e6f9fa1c9dc2d6393ce148d5ec921c70944832abc8,38,48,0.747392318870794,mixed;context,"Текущий фильм отвергается, а развёрнутая похвала относится к другому произведению для сравнения. Positive смешивает разные объекты оценки; исходный negative соответствует оцениваемому фильму.",Codex (AI agent),pending
validation-00000-of-00001.parquet#row=00005929,1,0,7074d1393904cfa3a637fab9f51205203cadc053b326fb69ac8e3d287f6f51ab,79,86,0.18221044590550659,negation;context;neutral,"Речь преимущественно о защите национального кинематографа и споре с критиками. Много отрицательных конструкций, но они направлены на чужую критику, а не на фильм; neutral соответствует отсутствию отдельного итога о нём.",Codex (AI agent),pending
validation-00000-of-00001.parquet#row=00006027,1,2,8e33e9c2b68463909b4da297f701180135cc5633e496359cffb11e209bdd5c5c,21,22,2.6140104390788146,neutral;unclear,"Явная восторженная рекомендация и ностальгия хорошо согласуются с прогнозом positive. Исходный neutral выглядит спорным; без исходных правил аннотатора это гипотеза о неоднозначной разметке, не основание менять метку.",Codex (AI agent),pending
validation-00000-of-00001.parquet#row=00007474,2,0,32f89e43e6479901f5028697263b89a74be6fdf726e6cd62f54ca85708d89439,41,46,1.139613032538852,mixed,"Похвала зрелищности, музыке и общему впечатлению совмещена с критикой танцев и сюжетной линии. Финальная числовая оценка положительная, но модель предсказывает negative; конфликт аспектов не разрешён в пользу общего итога.",Codex (AI agent),pending
validation-00000-of-00001.parquet#row=00009221,2,1,dc5d1a252d89f8f67b354efcfbb2d7a63c33474b65ede9aee5f308945026533f,28,37,2.4434460106657854,mixed;neutral;unclear,"Средний рейтинг, резкая критика и ограниченная рекомендация для любителей жанра делают текст пограничным. Прогноз neutral содержательно понятен; основание исходного positive неочевидно.",Codex (AI agent),pending
validation-00000-of-00001.parquet#row=00005246,0,1,f32f85b5295af8f57870477eb2a76ed797aba882d3049ccef5d4c5e949ddcb3e,24,26,0.17783238298521914,mixed;negation;context,"Восторг относится к предыдущей части, а текущий просмотр заканчивается разочарованием и отказом от продолжения. Neutral может отражать смешение времён и объектов оценки вместо отрицательного итога о текущей части.",Codex (AI agent),pending
validation-00000-of-00001.parquet#row=00010783,0,2,225c7b20bad04a2269d02a0da1ca240dc80fd5044840eb73faa6e93aa95ad730,267,242,1.553401482047355,mixed;negation;context,Длинное отступление и похвала визуальной стороне и актёрам сочетаются с неприятием сюжета и отказом снова идти к режиссёру. Positive может переоценивать отдельные похвалы; автор явно отвергает произведение в целом.,Codex (AI agent),pending
validation-00000-of-00001.parquet#row=00008237,1,0,221c987778f1dab97009971ae2db41dac0e06e3df349255155b301bdcaff73c8,81,92,1.8966888639896038,mixed;neutral,"Автор поощряет саму попытку и отмечает отдельного актёра, но критикует предсказуемость и исполнение. Negative отражает критику, упуская заявленное двойственное отношение.",Codex (AI agent),pending
validation-00000-of-00001.parquet#row=00010133,1,2,89cf764076fbddd2fc4d841741c0b244cc5b589973f6664b0050308ca28a6dd0,18,27,0.4583607028118999,context;neutral;short,Положительный опыт чтения и интерес к будущему просмотру ещё не являются оценкой экранизации. Positive переносит отношение к книге на фильм.,Codex (AI agent),pending
validation-00000-of-00001.parquet#row=00000921,2,0,605e9ffa24fd2a2dca6965eb7bbbfa3e4a3765a02ab1dfa8eafd8ac7e3c054f3,329,295,1.5809799243464486,mixed;negation,"Обширная критика сюжета и технических решений преобладает по объёму, но автор несколько раз рекомендует просмотр и ценит визуальную сторону. Positive задаётся общим решением рекомендовать; negative — отдельными многочисленными претензиями.",Codex (AI agent),pending
validation-00000-of-00001.parquet#row=00003245,2,1,dcb2508137d20a021c2e10d37cfa4297c9e5652ba776df9467d2fcab4894472a,20,22,0.3947239302327609,mixed;neutral,"Интерес и прямое признание удовольствия соседствуют со скукой и предсказуемостью. Neutral отражает смешанность, но пропускает явный положительный итог.",Codex (AI agent),pending
validation-00000-of-00001.parquet#row=00003025,0,1,f75bbdc9c26c84bec221239f8ee84455c427f38f96849f6bbfbbcecfead8d933,25,40,0.3814853103631134,mixed;negation;context;neutral,Отказ рекомендовать фильм соседствует с признанием отдельных смешных моментов и поддержкой конкретной участницы. Neutral может смешивать оценку человека и оценку фильма; отрицательный общий вывод выражен явно.,Codex (AI agent),pending
validation-00000-of-00001.parquet#row=00010331,0,2,ab0fde5ec8dfb89d634e88830f50c2e5fcc143870a0bf2fa3660ed2275efa157,44,45,0.5415002916253973,mixed;context,Резкое осуждение режиссёра и смысла фильма допускает лишь ограниченное признание технического качества. Positive не соответствует основной позиции. Возможное смешение технической похвалы с итоговой оценкой; универсальная причина по одному случаю не доказана.,Codex (AI agent),pending
validation-00000-of-00001.parquet#row=00007706,1,0,a4fcce88c5e105ffd83114eaa528679a08d50acbf50d1f8a446212f8196491e1,27,33,2.18941473404071,mixed;neutral,Слабое общее впечатление смягчается двумя понравившимися эпизодами и допущением разового просмотра. Negative близок к одной стороне пограничного neutral.,Codex (AI agent),pending
validation-00000-of-00001.parquet#row=00003320,1,2,b921d8a440d961ddb5c0aafe616083b8e9f03cbdb4f4847235fc0b2c9557eb20,36,32,0.20177212277274226,context;neutral;unclear,"Рассуждение о мотивах героини и переживаниях персонажей не даёт ясной оценки качества фильма. Исходный neutral объясним; почему модель выбрала positive, по содержанию однозначно не установлено.",Codex (AI agent),pending
validation-00000-of-00001.parquet#row=00008451,2,0,c45e22ddabec4c9c826d12affd659eab14db1d64ccb67ffdedcfaeedafba7edf,50,66,1.5155372805997442,mixed;negation,"Большая часть текста критикует грубость, сцены и сюжет, но последняя фраза прямо сообщает положительное впечатление. Negative пропускает итоговую смену оценки.",Codex (AI agent),pending
validation-00000-of-00001.parquet#row=00004072,2,1,5334b5da266399fe4c642ea242840eae97a2ba39e2df8deafdff35d66a24f703,59,66,0.4283976059601838,context;neutral,"Рассуждение о жанре завершается признанием глубины и длительного интеллектуального впечатления. Positive выражен косвенно, а neutral отражает преимущественно описательную форму.",Codex (AI agent),pending
