pair_id,decision,note
1b617879404ca482,duplicate,Один и тот же текст; различается только количество эмодзи.
f32b778083d28462,duplicate,Один и тот же длинный текст; отличие только в финальной точке.
e228f32e162222b5,duplicate,Один и тот же текст; отличие только в финальной точке.
c11a1f53c239ce28,duplicate,Один и тот же текст; отличие только в финальной точке.
a76707edbc457225,duplicate,Один и тот же длинный отзыв; различается только пунктуация в конце.
fb4bf5ca7650b7cd,duplicate,Один и тот же текст; отличие только в финальной точке.
d2119ec1cf45b7a1,duplicate,Один и тот же текст; различается только пробел/точка.
1849f8dbfeb6f787,duplicate,Один и тот же текст; отличие только в финальной точке.
21e7a1b2731f3eb0,duplicate,Практически дословная копия; только мелкие исправления слов/опечаток.
329c8ed843747ac4,duplicate,Практически дословная копия; минимальная орфографическая правка имени.
fc98ea037a52c97c,duplicate,Тот же отзыв; во второй версии добавлен короткий заголовок.
b00b6e2312b760e6,duplicate,Тексты совпадают по содержанию и формулировкам.;
fb2e1199b6a133a3,duplicate,Один и тот же характерный текст; отличие только в финальной точке.
018311b027626c30,duplicate,Практически дословная копия; несколько опечаток исправлены.
cdc242c9f9ddbaf5,duplicate,Тот же отзыв; небольшое сокращение перечисления.
b94fd6b7eb36a723,duplicate,Один и тот же текст; во второй версии добавлен эмодзи.
179fb6a30380b1d8,duplicate,Один и тот же текст; различается только пробел.
7e7dcd88de631e33,duplicate,Один и тот же текст; во второй версии добавлены эмодзи.
3b29ab356cde3719,duplicate,Один и тот же текст; во второй версии добавлены эмодзи.
6b7db2def7eba1c7,duplicate,Практически дословная копия; отличаются лишь знаки и эмодзи.
32b54d8b9fd7e483,duplicate,Один и тот же текст; отличие только в пунктуации.
548b4d4de527bf6a,duplicate,Один и тот же отзыв; изменён только род одного слова.
4e892a3893940958,duplicate,Практически дословная копия; различается интенсивность пунктуации.
e3ce717cc2980925,duplicate,Практически дословная копия; только опечатки/локальные исправления.
8c00a8300e1791fb,duplicate,Тот же отзыв; во второй версии добавлено короткое вступление.
5cee97deb2a973a0,duplicate,Тот же текст; отличается только итоговая числовая оценка 1/10 против 5/10.
45722699a94846c6,duplicate,Тот же отзыв; в одной версии добавлена подпись автора.
9b5529147bd9b8a1,duplicate,Один и тот же текст; во второй версии добавлены эмодзи.
4113e7e43cdfeceb,duplicate,Тот же отзыв; небольшая редакция одной фразы.
999a4082f2aad214,duplicate,Один и тот же текст; отличие только в запятой.
61ef90752b09a975,duplicate,Тот же отзыв; одна локальная опечатка.
6c6bb70918b144fa,duplicate,Практически дословная копия; мелкие правки пробелов/чисел/опечаток.
696e88e2eac7793d,duplicate,Один и тот же текст; различается оформление оценки 4.
4e1e6cc13f975e63,not_duplicate,Короткая общеупотребительная формулировка; сходство недостаточно для уверенного вывода о копировании.
98b3ccb75771f424,duplicate,Тот же длинный отзыв; во второй версии добавлена одна вводная фраза.
e82f3690c17e9468,duplicate,Тот же длинный отзыв; одна версия содержит дополнительную финальную фразу.
04ae766d45b97c61,duplicate,Практически дословная копия с изменением рода автора.;
50a229c7515cb86f,duplicate,Один и тот же текст; отличаются только пробелы после знаков препинания.
2a5ba0897ac58f50,duplicate,Тот же отзыв; во второй версии добавлена одна короткая фраза.
29033f460504f267,duplicate,Тот же отзыв; различается только заключительная фраза/эмодзи.
bd980de8f3ffea7d,duplicate,Практически дословная копия с локальными заменами одного слова и опечаткой.;
53ab602feb805ff9,duplicate,Один и тот же текст; исправлена одна опечатка.
ade548426da29f4f,duplicate,Один и тот же текст; отличаются только эмодзи.
348cccf23ebd1047,duplicate,"Практически дословная копия текста, адаптированная под другой фильм/режиссёра; изменены отдельные имена и финальная формулировка."
d9681f2ea109194e,duplicate,Один и тот же текст; различается только пунктуация/орфография.
90dd07647b675d49,duplicate,Один и тот же текст; различается оформление слова «супер» и пунктуация.
740bfc140d3a8f25,duplicate,Один и тот же текст; отличаются только эмодзи.
3cab270cd0758fa7,duplicate,Тот же отзыв; во второй версии добавлено вступление про «Ла-Ла Ленд».
feb1d699778a924e,duplicate,Тот же отзыв; во второй версии добавлено слово «предпоказ».
2dd6881abd1b0d79,duplicate,Один и тот же текст; отличаются эмодзи/пунктуация.
075374e9167edd55,duplicate,Тот же отзыв; в одной версии добавлено «Perfect movie».
48a03498568abf25,duplicate,Один и тот же текст с характерной опечаткой; отличаются только эмодзи.
13386bf497416a2f,duplicate,Тот же отзыв; во второй версии вставлена короткая фраза «Много экшена!».
4daf9e6ad845be9d,duplicate,Тот же отзыв; небольшая редакция фразы в скобках.
f6d05dcd612b2ec3,duplicate,Один и тот же текст; различается только оформление окончания знаками препинания/эмодзи.
b9def7a96e6ed5f9,duplicate,Практически дословная копия; во второй версии больше орфографических ошибок.
7e713e831386bd71,duplicate,Один и тот же длинный отзыв; отличие в одной букве «мои»/«мой».
aab5080613180261,duplicate,Тот же текст с общими опечатками «слажанность» и «рекумендую»; в одной версии дописана дата.
bef6b61c116ad777,duplicate,Тот же отзыв; различаются только пунктуация и регистр.
