section,metric,value,unit
run,profile,reserve,name
run,machine_label,personal-pc-rtx4050,name
run,status,PASS,status
run,methodology,t05.2,version
environment,os,Windows-10-10.0.19045-SP0,name
environment,os_edition,Professional,name
environment,python,3.13.7,version
environment,cpu,13th Gen Intel(R) Core(TM) i5-13420H,name
environment,ram_total_visible_to_os,13.710807800292969,GiB
environment,ram_available_at_start,4654.99609375,MiB
environment,gpu,NVIDIA GeForce RTX 4050 Laptop GPU,name
environment,vram_total,5.99658203125,GiB
environment,torch,2.10.0+cu126,version
environment,transformers,5.5.0,version
environment,faster_whisper,1.2.1,version
environment,ctranslate2,4.8.2,version
rubert,device,cuda,name
rubert,batch_size,4,records
rubert,max_length,128,tokens
rubert,encoded_sequence_length,128,tokens
rubert,mixed_precision,fp16,name
rubert,training_steps,3,steps
rubert,model_load_seconds,0.7859643000001597,seconds
rubert,step_seconds_first_cold,0.6155222000002141,seconds
rubert,step_seconds_steady_mean,0.05313649999993686,seconds
rubert,cuda_peak_allocated_after_backward,241.56787109375,MiB
rubert,cuda_peak_allocated,575.794921875,MiB
rubert,cuda_peak_reserved,620.0,MiB
rubert,cuda_device_used_after_step,1706.5,MiB
rubert,process_rss_peak_sampled,1705.75,MiB
rubert,encoder_updated,True,bool
rubert,head_updated,True,bool
whisper,model_size,base,name
whisper,device,cpu,name
whisper,compute_type,int8,name
whisper,model_load_seconds,0.9872998999999254,seconds
whisper,transcription_seconds,1.4563677999999527,seconds
whisper,transcription_seconds_warm,1.3379956999997376,seconds
whisper,audio_duration_seconds,5.9,seconds
whisper,real_time_factor,0.24684199999999196,ratio
whisper,process_rss_peak_sampled,1956.76953125,MiB
whisper,transcript_chars,71,chars
joint,both_loaded,True,bool
joint,rubert_logits_identical_before_after_whisper,True,bool
joint,process_rss_now,1872.5390625,MiB
memory,process_peak_rss_whole_run_os,1961.69921875,MiB
memory,process_peak_rss_whole_run_sampled,1961.3046875,MiB
memory,system_available_min_sampled,3525.89453125,MiB
constraints,final_36_audio_used,False,bool
constraints,final_text_test_used,False,bool
constraints,external_backup_compute,NOT_VERIFIED_NOT_CLAIMED,status
