block_size,key_type,pairs
359,prefix,64261
314,prefix,49141
312,prefix,48516
216,prefix,23220
171,prefix,14535
150,prefix,11175
146,prefix,10585
83,prefix,3403
81,prefix,3240
77,suffix,2926
76,prefix,2850
71,prefix,2485
67,suffix,2211
64,prefix,2016
64,suffix,2016
63,prefix,1953
62,edge,1891
62,prefix,1891
59,prefix,1711
59,suffix,1711
58,suffix,1653
54,suffix,1431
52,prefix,1326
50,suffix,1225
48,prefix,1128
47,prefix,1081
47,suffix,1081
44,prefix,946
44,prefix,946
42,prefix,861
41,edge,820
41,suffix,820
41,suffix,820
40,edge,780
39,suffix,741
38,prefix,703
34,suffix,561
33,prefix,528
32,prefix,496
32,prefix,496
32,suffix,496
31,prefix,465
30,prefix,435
30,prefix,435
30,prefix,435
30,suffix,435
29,edge,406
29,prefix,406
29,prefix,406
29,prefix,406
28,edge,378
28,prefix,378
28,prefix,378
27,prefix,351
27,prefix,351
27,prefix,351
26,prefix,325
26,prefix,325
26,prefix,325
26,suffix,325
25,edge,300
25,prefix,300
25,prefix,300
25,suffix,300
24,edge,276
24,prefix,276
24,prefix,276
24,suffix,276
24,suffix,276
23,edge,253
23,edge,253
23,prefix,253
23,prefix,253
23,prefix,253
23,prefix,253
23,suffix,253
23,suffix,253
22,prefix,231
22,prefix,231
22,prefix,231
22,prefix,231
22,prefix,231
22,prefix,231
22,suffix,231
22,suffix,231
22,suffix,231
22,suffix,231
21,edge,210
21,prefix,210
21,prefix,210
21,prefix,210
21,prefix,210
21,suffix,210
21,suffix,210
21,suffix,210
21,suffix,210
20,edge,190
20,edge,190
20,prefix,190
20,prefix,190
20,prefix,190
20,suffix,190
20,suffix,190
20,suffix,190
19,prefix,171
19,prefix,171
19,prefix,171
19,prefix,171
19,suffix,171
19,suffix,171
19,suffix,171
19,suffix,171
18,edge,153
18,edge,153
18,prefix,153
18,prefix,153
18,prefix,153
18,prefix,153
18,prefix,153
18,prefix,153
18,prefix,153
18,prefix,153
18,prefix,153
18,suffix,153
17,edge,136
17,prefix,136
17,prefix,136
17,prefix,136
17,prefix,136
17,prefix,136
17,prefix,136
17,prefix,136
17,suffix,136
17,suffix,136
17,suffix,136
16,edge,120
16,prefix,120
16,prefix,120
16,prefix,120
16,prefix,120
16,prefix,120
16,prefix,120
16,suffix,120
16,suffix,120
16,suffix,120
16,suffix,120
16,suffix,120
15,edge,105
15,edge,105
15,edge,105
15,edge,105
15,prefix,105
15,prefix,105
15,prefix,105
15,prefix,105
15,prefix,105
15,prefix,105
15,prefix,105
15,prefix,105
15,prefix,105
15,prefix,105
15,suffix,105
15,suffix,105
15,suffix,105
15,suffix,105
15,suffix,105
15,suffix,105
15,suffix,105
15,suffix,105
15,suffix,105
15,suffix,105
14,edge,91
14,edge,91
14,edge,91
14,prefix,91
14,prefix,91
14,prefix,91
14,prefix,91
14,prefix,91
14,prefix,91
14,prefix,91
14,prefix,91
14,prefix,91
14,prefix,91
14,prefix,91
14,prefix,91
14,prefix,91
14,suffix,91
14,suffix,91
14,suffix,91
14,suffix,91
14,suffix,91
14,suffix,91
13,edge,78
13,edge,78
13,edge,78
13,edge,78
13,edge,78
13,edge,78
13,edge,78
