record_id,split,reason,related_record_id
train-00000-of-00001.parquet#row=00002199,train,exact_cross_train_eval,test-00000-of-00001.parquet#row=00008918
train-00000-of-00001.parquet#row=00002390,train,exact_within_train,train-00000-of-00001.parquet#row=00000955
train-00000-of-00001.parquet#row=00005473,train,near_duplicate_confirmed_within_train,train-00000-of-00001.parquet#row=00005228
train-00000-of-00001.parquet#row=00006884,train,near_duplicate_confirmed_within_train,train-00000-of-00001.parquet#row=00006880
train-00000-of-00001.parquet#row=00007147,train,near_duplicate_confirmed_within_train,train-00000-of-00001.parquet#row=00007137
train-00000-of-00001.parquet#row=00007913,train,near_duplicate_confirmed_within_train,train-00000-of-00001.parquet#row=00007912
train-00000-of-00001.parquet#row=00008135,train,near_duplicate_confirmed_within_train,train-00000-of-00001.parquet#row=00008121
train-00000-of-00001.parquet#row=00008315,train,near_duplicate_confirmed_within_train,train-00000-of-00001.parquet#row=00008211
train-00000-of-00001.parquet#row=00008368,train,near_duplicate_confirmed_within_train,train-00000-of-00001.parquet#row=00008192
train-00000-of-00001.parquet#row=00008414,train,near_duplicate_confirmed_within_train,train-00000-of-00001.parquet#row=00008254
train-00000-of-00001.parquet#row=00008584,train,near_duplicate_confirmed_within_train,train-00000-of-00001.parquet#row=00008582
train-00000-of-00001.parquet#row=00008603,train,near_duplicate_confirmed_within_train,train-00000-of-00001.parquet#row=00008601
train-00000-of-00001.parquet#row=00008644,train,near_duplicate_confirmed_within_train,train-00000-of-00001.parquet#row=00008592
train-00000-of-00001.parquet#row=00008746,train,near_duplicate_confirmed_within_train,train-00000-of-00001.parquet#row=00008601
train-00000-of-00001.parquet#row=00008751,train,near_duplicate_confirmed_within_train,train-00000-of-00001.parquet#row=00008592
train-00000-of-00001.parquet#row=00010654,train,near_duplicate_confirmed_within_train,train-00000-of-00001.parquet#row=00010653
train-00000-of-00001.parquet#row=00011524,train,near_duplicate_confirmed_within_train,train-00000-of-00001.parquet#row=00011520
train-00000-of-00001.parquet#row=00012452,train,near_duplicate_confirmed_within_train,train-00000-of-00001.parquet#row=00012443
train-00000-of-00001.parquet#row=00012474,train,near_duplicate_confirmed_within_train,train-00000-of-00001.parquet#row=00012472
train-00000-of-00001.parquet#row=00012681,train,near_duplicate_confirmed_within_train,train-00000-of-00001.parquet#row=00012672
train-00000-of-00001.parquet#row=00014766,train,near_duplicate_confirmed_within_train,train-00000-of-00001.parquet#row=00014763
train-00000-of-00001.parquet#row=00022943,train,near_duplicate_confirmed_within_train,train-00000-of-00001.parquet#row=00022939
train-00000-of-00001.parquet#row=00025817,train,exact_cross_train_eval,validation-00000-of-00001.parquet#row=00003365
train-00000-of-00001.parquet#row=00026104,train,near_duplicate_confirmed_within_train,train-00000-of-00001.parquet#row=00026096
train-00000-of-00001.parquet#row=00026699,train,near_duplicate_confirmed_within_train,train-00000-of-00001.parquet#row=00026651
train-00000-of-00001.parquet#row=00027707,train,near_duplicate_confirmed_within_train,train-00000-of-00001.parquet#row=00027690
train-00000-of-00001.parquet#row=00036597,train,near_duplicate_confirmed_within_train,train-00000-of-00001.parquet#row=00036595
train-00000-of-00001.parquet#row=00041138,train,near_duplicate_confirmed_within_train,train-00000-of-00001.parquet#row=00041137
train-00000-of-00001.parquet#row=00041398,train,exact_within_train,train-00000-of-00001.parquet#row=00041397
train-00000-of-00001.parquet#row=00043148,train,near_duplicate_confirmed_within_train,train-00000-of-00001.parquet#row=00043130
train-00000-of-00001.parquet#row=00044727,train,near_duplicate_confirmed_within_train,train-00000-of-00001.parquet#row=00011385
train-00000-of-00001.parquet#row=00047956,train,near_duplicate_confirmed_within_train,train-00000-of-00001.parquet#row=00047949
train-00000-of-00001.parquet#row=00048918,train,near_duplicate_confirmed_within_train,train-00000-of-00001.parquet#row=00048880
train-00000-of-00001.parquet#row=00049017,train,near_duplicate_confirmed_within_train,train-00000-of-00001.parquet#row=00049016
train-00000-of-00001.parquet#row=00049352,train,near_duplicate_confirmed_within_train,train-00000-of-00001.parquet#row=00049350
train-00000-of-00001.parquet#row=00051823,train,near_duplicate_confirmed_within_train,train-00000-of-00001.parquet#row=00051804
train-00000-of-00001.parquet#row=00056326,train,near_duplicate_confirmed_within_train,train-00000-of-00001.parquet#row=00056322
train-00000-of-00001.parquet#row=00062241,train,near_duplicate_confirmed_within_train,train-00000-of-00001.parquet#row=00062240
train-00000-of-00001.parquet#row=00063197,train,near_duplicate_confirmed_within_train,train-00000-of-00001.parquet#row=00063194
train-00000-of-00001.parquet#row=00063220,train,exact_within_train,train-00000-of-00001.parquet#row=00002185
train-00000-of-00001.parquet#row=00064080,train,near_duplicate_confirmed_within_train,train-00000-of-00001.parquet#row=00064079
train-00000-of-00001.parquet#row=00066858,train,near_duplicate_confirmed_within_train,train-00000-of-00001.parquet#row=00066857
train-00000-of-00001.parquet#row=00071153,train,near_duplicate_confirmed_within_train,train-00000-of-00001.parquet#row=00040799
train-00000-of-00001.parquet#row=00072854,train,near_duplicate_confirmed_within_train,train-00000-of-00001.parquet#row=00072615
train-00000-of-00001.parquet#row=00073996,train,exact_within_train,train-00000-of-00001.parquet#row=00001071
train-00000-of-00001.parquet#row=00075980,train,exact_within_train,train-00000-of-00001.parquet#row=00068582
train-00000-of-00001.parquet#row=00076172,train,near_duplicate_confirmed_within_train,train-00000-of-00001.parquet#row=00076159
train-00000-of-00001.parquet#row=00078215,train,exact_within_train,train-00000-of-00001.parquet#row=00078211
train-00000-of-00001.parquet#row=00079365,train,near_duplicate_confirmed_within_train,train-00000-of-00001.parquet#row=00079364
train-00000-of-00001.parquet#row=00079406,train,near_duplicate_confirmed_within_train,train-00000-of-00001.parquet#row=00079405
train-00000-of-00001.parquet#row=00079802,train,exact_within_train,train-00000-of-00001.parquet#row=00004854
validation-00000-of-00001.parquet#row=00000591,validation,near_duplicate_confirmed_within_validation,validation-00000-of-00001.parquet#row=00000588
validation-00000-of-00001.parquet#row=00001238,validation,near_duplicate_confirmed_within_validation,validation-00000-of-00001.parquet#row=00001237
validation-00000-of-00001.parquet#row=00002071,validation,near_duplicate_confirmed_within_validation,validation-00000-of-00001.parquet#row=00002053
validation-00000-of-00001.parquet#row=00002790,validation,near_duplicate_confirmed_within_validation,validation-00000-of-00001.parquet#row=00002770
validation-00000-of-00001.parquet#row=00006194,validation,near_duplicate_confirmed_within_validation,validation-00000-of-00001.parquet#row=00006193
validation-00000-of-00001.parquet#row=00006742,validation,near_duplicate_confirmed_within_validation,validation-00000-of-00001.parquet#row=00006731
validation-00000-of-00001.parquet#row=00008818,validation,near_duplicate_confirmed_within_validation,validation-00000-of-00001.parquet#row=00008817
