pair_id,left_record_id,left_split,right_record_id,right_split,similarity,left_chars,right_chars
1b617879404ca482,train-00000-of-00001.parquet#row=00008603,train,train-00000-of-00001.parquet#row=00008746,train,1.0,178,173
f32b778083d28462,test-00000-of-00001.parquet#row=00000567,test,test-00000-of-00001.parquet#row=00000568,test,0.995536,249,250
e228f32e162222b5,train-00000-of-00001.parquet#row=00008121,train,train-00000-of-00001.parquet#row=00008135,train,0.994819,217,216
c11a1f53c239ce28,train-00000-of-00001.parquet#row=00022939,train,train-00000-of-00001.parquet#row=00022943,train,0.994382,195,196
a76707edbc457225,train-00000-of-00001.parquet#row=00062240,train,train-00000-of-00001.parquet#row=00062241,train,0.994236,430,428
fb4bf5ca7650b7cd,test-00000-of-00001.parquet#row=00000889,test,test-00000-of-00001.parquet#row=00000892,test,0.993056,158,159
d2119ec1cf45b7a1,test-00000-of-00001.parquet#row=00001247,test,test-00000-of-00001.parquet#row=00001255,test,0.992908,183,182
1849f8dbfeb6f787,train-00000-of-00001.parquet#row=00008192,train,train-00000-of-00001.parquet#row=00008368,train,0.992593,159,158
21e7a1b2731f3eb0,train-00000-of-00001.parquet#row=00048880,train,train-00000-of-00001.parquet#row=00048918,train,0.991498,1451,1452
329c8ed843747ac4,train-00000-of-00001.parquet#row=00076159,train,train-00000-of-00001.parquet#row=00076172,train,0.991453,862,862
fc98ea037a52c97c,train-00000-of-00001.parquet#row=00006880,train,train-00000-of-00001.parquet#row=00006884,train,0.98913,314,327
b00b6e2312b760e6,train-00000-of-00001.parquet#row=00047949,train,train-00000-of-00001.parquet#row=00047956,train,0.988889,216,216
fb2e1199b6a133a3,train-00000-of-00001.parquet#row=00040799,train,train-00000-of-00001.parquet#row=00071153,train,0.986667,79,78
018311b027626c30,train-00000-of-00001.parquet#row=00027690,train,train-00000-of-00001.parquet#row=00027707,train,0.986328,607,605
cdc242c9f9ddbaf5,train-00000-of-00001.parquet#row=00064079,train,train-00000-of-00001.parquet#row=00064080,train,0.98556,386,368
7e713e831386bd71,validation-00000-of-00001.parquet#row=00002053,validation,validation-00000-of-00001.parquet#row=00002071,validation,0.985075,322,322
b94fd6b7eb36a723,train-00000-of-00001.parquet#row=00008592,train,train-00000-of-00001.parquet#row=00008644,train,0.982857,195,198
179fb6a30380b1d8,train-00000-of-00001.parquet#row=00026096,train,train-00000-of-00001.parquet#row=00026104,train,0.981982,238,237
7e7dcd88de631e33,train-00000-of-00001.parquet#row=00008601,train,train-00000-of-00001.parquet#row=00008603,train,0.98125,170,178
3b29ab356cde3719,train-00000-of-00001.parquet#row=00008601,train,train-00000-of-00001.parquet#row=00008746,train,0.98125,170,173
6b7db2def7eba1c7,train-00000-of-00001.parquet#row=00036595,train,train-00000-of-00001.parquet#row=00036597,train,0.980496,715,720
32b54d8b9fd7e483,train-00000-of-00001.parquet#row=00007137,train,train-00000-of-00001.parquet#row=00007147,train,0.979592,106,108
548b4d4de527bf6a,validation-00000-of-00001.parquet#row=00006731,validation,validation-00000-of-00001.parquet#row=00006742,validation,0.978992,257,258
4e892a3893940958,train-00000-of-00001.parquet#row=00049350,train,train-00000-of-00001.parquet#row=00049352,train,0.978723,716,702
e3ce717cc2980925,validation-00000-of-00001.parquet#row=00002770,validation,validation-00000-of-00001.parquet#row=00002790,validation,0.978261,872,873
8c00a8300e1791fb,train-00000-of-00001.parquet#row=00012443,train,train-00000-of-00001.parquet#row=00012452,train,0.976974,347,367
5cee97deb2a973a0,train-00000-of-00001.parquet#row=00026651,train,train-00000-of-00001.parquet#row=00026699,train,0.975,277,277
45722699a94846c6,train-00000-of-00001.parquet#row=00072615,train,train-00000-of-00001.parquet#row=00072854,train,0.974432,412,403
9b5529147bd9b8a1,train-00000-of-00001.parquet#row=00007912,train,train-00000-of-00001.parquet#row=00007913,train,0.972826,211,216
4113e7e43cdfeceb,test-00000-of-00001.parquet#row=00005154,test,test-00000-of-00001.parquet#row=00005164,test,0.972789,363,367
999a4082f2aad214,train-00000-of-00001.parquet#row=00049016,train,train-00000-of-00001.parquet#row=00049017,train,0.969512,170,171
61ef90752b09a975,train-00000-of-00001.parquet#row=00012472,train,train-00000-of-00001.parquet#row=00012474,train,0.969492,340,340
6c6bb70918b144fa,train-00000-of-00001.parquet#row=00043130,train,train-00000-of-00001.parquet#row=00043148,train,0.967078,997,994
696e88e2eac7793d,train-00000-of-00001.parquet#row=00066857,train,train-00000-of-00001.parquet#row=00066858,train,0.965116,185,187
4e1e6cc13f975e63,train-00000-of-00001.parquet#row=00050120,train,train-00000-of-00001.parquet#row=00074782,train,0.956522,49,47
98b3ccb75771f424,test-00000-of-00001.parquet#row=00003850,test,test-00000-of-00001.parquet#row=00003946,test,0.950298,603,639
e82f3690c17e9468,test-00000-of-00001.parquet#row=00001020,test,test-00000-of-00001.parquet#row=00001021,test,0.949622,535,501
04ae766d45b97c61,train-00000-of-00001.parquet#row=00056322,train,train-00000-of-00001.parquet#row=00056326,train,0.949541,252,254
50a229c7515cb86f,train-00000-of-00001.parquet#row=00079364,train,train-00000-of-00001.parquet#row=00079365,train,0.948207,289,292
2a5ba0897ac58f50,train-00000-of-00001.parquet#row=00011520,train,train-00000-of-00001.parquet#row=00011524,train,0.947242,533,565
29033f460504f267,train-00000-of-00001.parquet#row=00010653,train,train-00000-of-00001.parquet#row=00010654,train,0.940741,303,285
bd980de8f3ffea7d,train-00000-of-00001.parquet#row=00051804,train,train-00000-of-00001.parquet#row=00051823,train,0.940741,465,462
53ab602feb805ff9,train-00000-of-00001.parquet#row=00063194,train,train-00000-of-00001.parquet#row=00063197,train,0.93956,196,196
ade548426da29f4f,train-00000-of-00001.parquet#row=00008592,train,train-00000-of-00001.parquet#row=00008751,train,0.9375,195,192
348cccf23ebd1047,train-00000-of-00001.parquet#row=00011385,train,train-00000-of-00001.parquet#row=00044727,train,0.928571,461,448
d9681f2ea109194e,train-00000-of-00001.parquet#row=00079405,train,train-00000-of-00001.parquet#row=00079406,train,0.928287,291,294
90dd07647b675d49,train-00000-of-00001.parquet#row=00041137,train,train-00000-of-00001.parquet#row=00041138,train,0.925926,87,86
740bfc140d3a8f25,train-00000-of-00001.parquet#row=00008644,train,train-00000-of-00001.parquet#row=00008751,train,0.921788,198,192
3cab270cd0758fa7,train-00000-of-00001.parquet#row=00012672,train,train-00000-of-00001.parquet#row=00012681,train,0.915344,451,520
aab5080613180261,train-00000-of-00001.parquet#row=00008254,train,train-00000-of-00001.parquet#row=00008414,train,0.912791,182,167
feb1d699778a924e,test-00000-of-00001.parquet#row=00003849,test,test-00000-of-00001.parquet#row=00003927,test,0.912281,181,192
2dd6881abd1b0d79,train-00000-of-00001.parquet#row=00008582,train,train-00000-of-00001.parquet#row=00008584,train,0.912162,178,171
075374e9167edd55,validation-00000-of-00001.parquet#row=00001237,validation,validation-00000-of-00001.parquet#row=00001238,validation,0.910959,157,143
48a03498568abf25,validation-00000-of-00001.parquet#row=00000588,validation,validation-00000-of-00001.parquet#row=00000591,validation,0.910714,57,54
13386bf497416a2f,train-00000-of-00001.parquet#row=00008211,train,train-00000-of-00001.parquet#row=00008315,train,0.908571,170,182
bef6b61c116ad777,validation-00000-of-00001.parquet#row=00008817,validation,validation-00000-of-00001.parquet#row=00008818,validation,0.90566,238,233
4daf9e6ad845be9d,validation-00000-of-00001.parquet#row=00006193,validation,validation-00000-of-00001.parquet#row=00006194,validation,0.903226,123,129
f6d05dcd612b2ec3,train-00000-of-00001.parquet#row=00005228,train,train-00000-of-00001.parquet#row=00005473,train,0.901961,50,55
b9def7a96e6ed5f9,train-00000-of-00001.parquet#row=00014763,train,train-00000-of-00001.parquet#row=00014766,train,0.900958,357,358
